INSERT INTO `activity_code`
VALUES
        ('A', 'Kasmetines atostogos'),
        ('AK', 'Atostogos už komandiruotę poilsio diena'),
        ('BI', 'Budėjimas darbe'),
        ('BN', 'Budėjimas namuose'),
        ('D', 'Kraujo davimo dienos donorams'),
        ('DD', 'Darbas dieną'),
        ('DN', 'Darbas naktį'),
        ('DNP', 'Darbas naktį poilsio diena'),
        ('DP', 'Darbas poilsio ir švenčių dienomis'),
        ('DS', 'Darbas šventinę dieną'),
        ('FD', 'Faktiškai dirbtas laikas'),
        ('G', 'Nėštumo ir gimdymo atostogos'),
        ('ID', 'Laikas naujo darbo paieškoms'),
        ('K', 'Tarnybinės komandiruotės'),
        ('KA', 'Kūrybinės atostogos'),
        ('KD', 'Kilnojamo pobūdžio darbas'),
        ('KM', 'Mokomosios karinės pratybos'),
        ('KP', 'Tarnyb. komand. poilsio diena'),
        ('KR', 'Kitų rūšių atostogos'),
        ('KS', 'Darbas esant nukrypimams nuo normalių darbo salygų'),
        ('KT', 'Karo tarnyba'),
        ('KV', 'Kvalifikacijos kėlimas'),
        ('L', 'Nedarbingumas dėl ligos ar traumų'),
        ('LD', 'Nedarbing. dėl ligos ar traumų iš darbd. lėšų'),
        ('M', 'Papild. poils. l., neig. iki 18 arba 2.. iki 12 m.'),
        ('MA', 'Mokymosi atostogos'),
        ('MD', 'Privalomų medicininių apžiūrų laikas'),
        ('MP', 'Mokslo metų pradžia'),
        ('MV', 'Darbo dienos trumpinimas dėl mamadienio'),
        ('N', 'Neapmokamas nedarbingumas'),
        ('NA', 'Nemokamos atostogos'),
        ('ND', 'Neatvykimas administracijos leidimu'),
        ('NL', 'Nelaimingas atsitikimas buityje'),
        ('NN', 'Nušalinimas nuo darbo'),
        ('NP', 'Neatvykimas į darbą kitais laikotarpiais'),
        ('NS', 'Nedarbingumas ligoniams slaugyti, turint pažymas'),
        ('P', 'Poilsio dienos'),
        ('PB', 'Pravaikštos ir kitoks neatvyk. į darbą be priež.'),
        ('PBN', 'Pasyvus budėjimas namuose'),
        ('PK', 'Prastovos dėl darbuotojo kaltės'),
        ('PN', 'Prastovos ne dėl darbuotojo kaltės'),
        ('PR', 'Pertraukos darbe, įskaitomos į darbo laiką'),
        ('PS', 'Darbo l. trumpinimas prieš švent.d.'),
        ('PV', 'Atostogos vaikui prižiūrėti, kol jam sueis 3 metai'),
        ('R', 'Neatvykimas į darbą dėl remonto'),
        ('S', 'Švenčių dienos'),
        ('SDLA PN', 'SDLA prastovos'),
        ('SDLA VD', 'SDLA viršvalandinis darbas'),
        ('ST', 'Streikas'),
        ('SŽ', 'Stažuotės'),
        ('TA', 'Tevystės atostogos'),
        ('V', 'Pap. poilsio dien., už darbą virš normos'),
        ('VD', 'Viršvalandinis darbas'),
        ('VDN', 'Viršvalandinis darbas naktį'),
        ('VDP', 'Viršvalandinis darbas poilsio dieną'),
        ('VDT', 'Viršvalandinis darbas šventine dieną'),
        ('VK', 'Pap. poilsio dien., už darbą virš normos komandir.'),
        ('VV', 'Valstybinių, visuom. ar piliečio pareigų vykdymas');


INSERT INTO `amount_code`
VALUES
        ('ALIMENTAI', 'Alimentai'),
        ('ATL D BI', 'Budėjimas darbe'),
        ('ATL D BN', 'Budėjimas namuose'),
        ('ATL D DD', 'Darbas dieną'),
        ('ATL D DN', 'Darbas naktį'),
        ('ATL D DNP', 'Darbas naktį poilsio dieną'),
        ('ATL D DP', 'Darbas poilsio dienomis'),
        ('ATL D DS', 'Darbas švenčių dienomis'),
        ('ATL D K', 'Komandiruočių apmokėjimas'),
        ('ATL D KD', 'Kilnojamo pobūdžio darbas'),
        ('ATL D KP', 'Komandiruotės švenčių ir poilsio dienomis'),
        ('ATL D KS', 'Darbas kenksmingomis sąlygomis'),
        ('ATL D KV', 'Kvalifikacijos kėlimas'),
        ('ATL D PN', 'Prastovos ne dėl darbuotojo kaltės'),
        ('ATL D PR', 'Privalomos pertraukos darbe'),
        ('ATL D PS', 'Darbo l. trumpinimas prieš švent.d.'),
        ('ATL D SZ', 'Stažuotės'),
        ('ATL D VD', 'Viršvalandinis darbas'),
        ('ATL S ATRD', 'Atlyginimas autorinis išmokėtas darbdavio'),
        ('ATL S ATRN', 'Atlyginimas autorinis išmokėtas ne darbdavio'),
        ('ATL S GAM', 'Atlyginimas iš gamybos'),
        ('ATL S PROP', 'Atlyginimas proporcinis'),
        ('ATL S VIEN', 'Atlyginimas vienetinis'),
        ('ATOST KASM', 'Kasmetinių atostogų apmokėjimas'),
        ('ATOST KOMP', 'Atostogų kompensacija'),
        ('ATOST MAM', 'Mamadienių apmokėjimas'),
        ('ATOST MOK', 'Mokymosi atostogų apmokėjimas'),
        ('ATOST MP', 'Mokslo metų pradžia'),
        ('ATOST PAP', 'Papildomų poilsio dienų (V) apmokėjimas'),
        ('AVANS PAP', 'Avansas papildomas'),
        ('AVANSAS', 'Avansas'),
        ('AVANSO PRI', 'Avanso priskaitymas'),
        ('DARB PAIES', 'Laikas naujo darbo paieškoms'),
        ('DIENPIN', 'Komandiruočių dienpinigiai'),
        ('DIVIDENDAI', 'Dividendai'),
        ('DOV APM', 'Apmokestinama dovana'),
        ('DOV MOK', 'Dovanos mokėjimas'),
        ('DOV NEAP', 'Neapmokestinama dovana'),
        ('GAR FO PAP', 'Įmokos į garantinį fondą papildomos'),
        ('GAR FON', 'Įmokos į garantinį fondą'),
        ('GPM ATR', 'GPM autoriniai darbai'),
        ('GPM DSN', 'GPM darbo santykiai'),
        ('GPM DSN BE', 'GPM darbo santykiai be NPD'),
        ('GPM DSNN', 'GPM darbo santykiai natūra'),
        ('GPM LIGA', 'GPM liga'),
        ('GPM NMA', 'Gyventojų pajamų mokestis nuoma'),
        ('GYV DRAUD', 'Gyvybės draudimas'),
        ('ISEIT KSUS', 'Išeitinė kompensacija abipusiu susitarimu'),
        ('ISEIT PAS', 'Išeitinė pašalpa'),
        ('ISEIT PSUS', 'Išeitinė pašalpa susitarus'),
        ('ISM VL NAR', 'Išmokos valdybos nariams'),
        ('ISSK BENDR', 'Išskaitymas bendras'),
        ('ISSK DRAUD', 'Draudimo išskaitymai'),
        ('ISSK TEL', 'Išskaitymas už telefonus'),
        ('ISSK VRAST', 'Išskaitymai pagal vykdomuosius raštus'),
        ('KOMAN NEAP', 'Komandiruotės neapmokestinamos'),
        ('LAID PAS', 'Laidojimo pašalpa'),
        ('LIG ISM D', 'Ligos išmoka iš darbdavio lėšų'),
        ('LIG ISMOK', 'Ligos išmoka už dvi darbo dienas'),
        ('MED APZ', 'Privalomos med. apžiūros'),
        ('MOT PAS', 'Motinystės pašalpa'),
        ('NATURA', 'Natūra'),
        ('NATURA 1', 'Pajamos natūra priskaitymas'),
        ('NATURA 1B', 'Pajamos natūra priskaitymas 1B'),
        ('NATURA 2', 'Pajamos natūra mokėjimas'),
        ('NUOMA AUTO', 'Automobilio nuoma'),
        ('PRD ANTR', 'Priedas antraeilininkams'),
        ('PRD ATL', 'Priedas mėnesinio atlyginimo'),
        ('PRD ATL PR', 'Priedas proc. nuo priskaičiuoto atlyginimo'),
        ('PRD BEND', 'Priedas bendras'),
        ('PRD PR SUM', 'Priedas proc. nuo bendros sumos'),
        ('PRD SUMA', 'Priedas suma'),
        ('PREM 2KETV', 'Ketvirčio premija darbdavio iniciatyva'),
        ('PREM 2MEN', 'Menesinė premija darbdavio iniciatyva'),
        ('PREM 2MET', 'Metinė premija darbdavio iniciatyva'),
        ('PREM 2VIEN', 'Vienkartinė premija darbdavio iniciatyva'),
        ('PREM KAUP', 'Premija iš kaupimų'),
        ('PREM KETV', 'Premija už ketvirčio darbo rezultatus'),
        ('PREM MEN', 'Premija už mėnesio darbo rezultatus'),
        ('PREM MET', 'Premija už metų darbo rezultatus'),
        ('PREM VIEN', 'Vienkartinė premija už darbo rezultatus'),
        ('PRISK KIT1', 'Priskaitymai įtakoja vidurkį'),
        ('PRISK KIT2', 'Priskaitymai neįtakoja vidurkio'),
        ('PS BUD NAM', 'Pasyvus budėjimas namuose'),
        ('REZ GF', 'Atostogų rezervo garantinis'),
        ('REZ PRI', 'Atostogų rezervas'),
        ('REZ SOD', 'Atostogų rezervo sodra'),
        ('SD ATR PK', 'Sodra darbuot. autoriniai pensijos kaupimas'),
        ('SD ATR PSD', 'Sodra darbuot. autoriniai PSD'),
        ('SD ATR VSD', 'Sodra darbuot. autoriniai VSD'),
        ('SD DSN PSD', 'Sodra darbuot. darbo sant. PSD'),
        ('SD DSN VSD', 'Sodra darbuot. darbo sant. VSD'),
        ('SD DSNN PS', 'Sodra darbuot. darbo sant. natūra PSD'),
        ('SD DSNN VS', 'Sodra darbuot. darbo sant. natūra VSD'),
        ('SD LIG PSD', 'Sodra darbuot. ligos išmoka PSD'),
        ('SD N PK', 'Sodra darbuot. natūra pensijos kaupimas'),
        ('SD NMA PSD', 'Sodra darbuot. turto nuoma PSD'),
        ('SD NMA VSD', 'Sodra darbuot. turto nuoma VSD'),
        ('SD PK', 'Sodra darbuot. pensijos kaupimas'),
        ('SDLA T PN', 'SDLA priemoka už prastovas'),
        ('SDLA T VD', 'SDLA priemoka už viršvalandžius'),
        ('SI ATR VSD', 'Sodra įmonė autoriniai VSD'),
        ('SI DSN PAP', 'Sodra įmonė darbo sant. papild. VSD'),
        ('SI DSN VSD', 'Sodra įmonė darbo sant. VSD'),
        ('SI DSNN VS', 'Sodra įmonė darbo sant. natūra VSD'),
        ('SI NMA VSD', 'Sodra įmonė nuoma VSD'),
        ('SI VAL VSD', 'Sodra įmonė išmokos valdybos nariams'),
        ('VYKD RAST', 'Išskaitymai pagal vykdomuosius raštus');



INSERT INTO `position`
VALUES
       ('BUH','Buhalteris (-ė)'),
       ('DIR','Direktorius (-ė)'),
       ('HR','Personalo vadovas (-ė)'),
       ('INZ','Inžinierius (-ė)'),
       ('KON','Konsultantas (-ė)'),
       ('PRG','Programuotojas (-a)'),
       ('VAD','Vadovas (-ė)'),
       ('VADYB','Vadybininkas (-ė)'),
       ('VYR KON','Vyr. konsultantas (-ė)');


INSERT INTO `shift`
VALUES
        ('A','Standartinė'),
        ('D12','Dieninė'),
        ('N12','Naktinė'),
        ('P','Poilsis');

INSERT INTO `shift_line` (id, shift_id, activity_code_id, start, end)
VALUES
       (1,'A','DD','08:00:00','12:00:00'),
       (2,'A','DD','13:00:00','17:00:00'),
       (3,'D12','DD','06:30:00','18:30:00'),
       (4,'N12','DD','18:30:00','06:30:00'),
       (5,'N12','DN','22:00:00','06:00:00'),
       (6,'P','P','00:00:00','00:00:00');

INSERT INTO `schedule`
VALUES
       ('A5','8 valandų per dieną, 5 dienų per savaitę'),
       ('PAM_D','Dieninė pamaina');

INSERT INTO `schedule_pattern_line` (id, schedule_id, initial_date, shift_id)
VALUES
       (1,'A5','2021-01-04','A'),
       (2,'A5','2021-01-05','A'),
       (3,'A5','2021-01-06','A'),
       (4,'A5','2021-01-07','A'),
       (5,'A5','2021-01-08','A'),
       (6,'A5','2021-01-09','P'),
       (7,'A5','2021-01-10','P'),
       (8,'PAM_D','2021-01-04','D12'),
       (9,'PAM_D','2021-01-05','D12'),
       (10,'PAM_D','2021-01-06','N12'),
       (11,'PAM_D','2021-01-07','N12'),
       (12,'PAM_D','2021-01-08','P'),
       (13,'PAM_D','2021-01-09','P'),
       (14,'PAM_D','2021-01-10','P'),
       (15,'PAM_D','2021-01-11','P');


INSERT INTO `employee`
VALUES
        (1,'Pirmas','','Pirmokas'),
        (2,'Antras','','Antrokas'),
        (3,'Trečias','','Trečiokas'),
        (4,'Ketvirtas','','Ketvirtokas'),
        (5,'Penktas','','Penktokas'),
        (6,'Šeštas','','Šeštokas'),
        (7,'Septintas','','Septintokas'),
        (8,'Aštuntas','','Aštuntokas'),
        (9,'Devintas','','Devintokas'),
        (10,'Dešimtas','','Dešimtokas');

INSERT INTO `contract` (id, employee_id, employment_date, contract_sign_date, termination_date)
VALUES
       (1,1,'2021-01-01','2021-01-01',NULL),
       (2,1,'2021-01-01','2021-01-01',NULL),
       (3,2,'2021-01-01','2021-01-01',NULL),
       (4,2,'2021-01-01','2021-01-01',NULL),
       (5,3,'2021-01-01','2021-01-01',NULL),
       (6,3,'2021-01-01','2021-01-01',NULL),
       (7,4,'2021-01-01','2021-01-01',NULL),
       (8,4,'2021-01-01','2021-01-01',NULL),
       (9,5,'2021-01-01','2021-01-01',NULL),
       (10,5,'2021-01-01','2021-01-01',NULL),
       (11,6,'2021-01-01','2021-01-01',NULL),
       (12,6,'2021-01-01','2021-01-01',NULL),
       (13,7,'2021-01-01','2021-01-01',NULL),
       (14,7,'2021-01-01','2021-01-01',NULL),
       (15,8,'2021-01-01','2021-01-01',NULL),
       (16,8,'2021-01-01','2021-01-01',NULL),
       (17,9,'2021-01-01','2021-01-01',NULL),
       (18,9,'2021-01-01','2021-01-01',NULL),
       (19,10,'2021-01-01','2021-01-01',NULL),
       (20,10,'2021-01-01','2021-01-01',NULL);

INSERT INTO `contract_line` (contract_id, start_date, position_id, schedule_id, staff, amount_type, amount)
VALUES
       (1,'2021-01-01','DIR','A5',1,'MONTHLY',3000),
       (1,'2021-03-01','PRG','A5',1,'MONTHLY',4000),
       (1,'2021-04-01','PRG','A5',1,'MONTHLY',5000),
       (2,'2021-01-01','DIR','PAM_D',1,'HOURLY',10),
       (3,'2021-01-01','PRG','A5',1,'MONTHLY',2000),
       (4,'2021-01-01','PRG','A5',1,'HOURLY',4),
       (5,'2021-01-01','KON','A5',1,'MONTHLY',600),
       (6,'2021-01-01','KON','A5',1,'HOURLY',5),
       (7,'2021-01-01','BUH','A5',1,'MONTHLY',1500),
       (8,'2021-01-01','BUH','A5',1,'HOURLY',7),
       (9,'2021-01-01','HR','A5',1,'MONTHLY',800),
       (10,'2021-01-01','HR','A5',1,'HOURLY',6),
       (11,'2021-01-01','VAD','A5',1,'MONTHLY',8000),
       (12,'2021-01-01','VAD','A5',1,'HOURLY',8),
       (13,'2021-01-01','VYR KON','A5',1,'MONTHLY',1200),
       (14,'2021-01-01','VYR KON','A5',1,'HOURLY',9),
       (15,'2021-01-01','INZ','A5',1,'MONTHLY',900),
       (16,'2021-01-01','INZ','A5',1,'HOURLY',4),
       (17,'2021-01-01','VADYB','A5',1,'MONTHLY',600),
       (18,'2021-01-01','VADYB','A5',1,'HOURLY',5),
       (19,'2021-01-01','PRG','A5',1,'MONTHLY',700),
       (20,'2021-01-01','PRG','A5',1,'HOURLY',6);

